[{"model": "admin.logentry", "pk": 1, "fields": {"action_time": "2024-10-10T14:32:44.593Z", "user": 1, "content_type": 9, "object_id": "1", "object_repr": "nature", "action_flag": 1, "change_message": "[{\"added\": {}}]"}}, {"model": "admin.logentry", "pk": 2, "fields": {"action_time": "2024-10-10T14:32:52.032Z", "user": 1, "content_type": 9, "object_id": "2", "object_repr": "death", "action_flag": 1, "change_message": "[{\"added\": {}}]"}}, {"model": "admin.logentry", "pk": 3, "fields": {"action_time": "2024-10-10T14:32:55.458Z", "user": 1, "content_type": 9, "object_id": "3", "object_repr": "joy", "action_flag": 1, "change_message": "[{\"added\": {}}]"}}, {"model": "admin.logentry", "pk": 4, "fields": {"action_time": "2024-10-10T14:32:58.456Z", "user": 1, "content_type": 9, "object_id": "4", "object_repr": "sadness", "action_flag": 1, "change_message": "[{\"added\": {}}]"}}, {"model": "admin.logentry", "pk": 5, "fields": {"action_time": "2024-10-10T14:33:08.874Z", "user": 1, "content_type": 9, "object_id": "5", "object_repr": "beauty", "action_flag": 1, "change_message": "[{\"added\": {}}]"}}, {"model": "admin.logentry", "pk": 6, "fields": {"action_time": "2024-10-10T14:33:11.427Z", "user": 1, "content_type": 9, "object_id": "6", "object_repr": "time", "action_flag": 1, "change_message": "[{\"added\": {}}]"}}, {"model": "admin.logentry", "pk": 7, "fields": {"action_time": "2024-10-10T14:33:16.444Z", "user": 1, "content_type": 9, "object_id": "7", "object_repr": "friendship", "action_flag": 1, "change_message": "[{\"added\": {}}]"}}, {"model": "admin.logentry", "pk": 8, "fields": {"action_time": "2024-10-10T14:33:21.246Z", "user": 1, "content_type": 9, "object_id": "8", "object_repr": "dreams", "action_flag": 1, "change_message": "[{\"added\": {}}]"}}, {"model": "admin.logentry", "pk": 9, "fields": {"action_time": "2024-10-10T14:33:24.671Z", "user": 1, "content_type": 9, "object_id": "9", "object_repr": "memories", "action_flag": 1, "change_message": "[{\"added\": {}}]"}}, {"model": "admin.logentry", "pk": 10, "fields": {"action_time": "2024-10-10T14:33:29.405Z", "user": 1, "content_type": 9, "object_id": "10", "object_repr": "solitude", "action_flag": 1, "change_message": "[{\"added\": {}}]"}}, {"model": "admin.logentry", "pk": 11, "fields": {"action_time": "2024-10-10T14:33:32.626Z", "user": 1, "content_type": 9, "object_id": "11", "object_repr": "hope", "action_flag": 1, "change_message": "[{\"added\": {}}]"}}, {"model": "admin.logentry", "pk": 12, "fields": {"action_time": "2024-10-10T14:33:34.657Z", "user": 1, "content_type": 9, "object_id": "12", "object_repr": "change", "action_flag": 1, "change_message": "[{\"added\": {}}]"}}, {"model": "admin.logentry", "pk": 13, "fields": {"action_time": "2024-10-10T14:33:38.771Z", "user": 1, "content_type": 9, "object_id": "13", "object_repr": "resilience", "action_flag": 1, "change_message": "[{\"added\": {}}]"}}, {"model": "admin.logentry", "pk": 14, "fields": {"action_time": "2024-10-10T14:33:43.851Z", "user": 1, "content_type": 9, "object_id": "14", "object_repr": "identity", "action_flag": 1, "change_message": "[{\"added\": {}}]"}}, {"model": "admin.logentry", "pk": 15, "fields": {"action_time": "2024-10-10T14:33:47.315Z", "user": 1, "content_type": 9, "object_id": "15", "object_repr": "passion", "action_flag": 1, "change_message": "[{\"added\": {}}]"}}, {"model": "admin.logentry", "pk": 16, "fields": {"action_time": "2024-10-10T14:33:50.024Z", "user": 1, "content_type": 9, "object_id": "16", "object_repr": "loss", "action_flag": 1, "change_message": "[{\"added\": {}}]"}}, {"model": "admin.logentry", "pk": 17, "fields": {"action_time": "2024-10-10T14:33:53.192Z", "user": 1, "content_type": 9, "object_id": "17", "object_repr": "sunrise", "action_flag": 1, "change_message": "[{\"added\": {}}]"}}, {"model": "admin.logentry", "pk": 18, "fields": {"action_time": "2024-10-10T14:33:55.801Z", "user": 1, "content_type": 9, "object_id": "18", "object_repr": "moon", "action_flag": 1, "change_message": "[{\"added\": {}}]"}}, {"model": "admin.logentry", "pk": 19, "fields": {"action_time": "2024-10-10T14:33:58.276Z", "user": 1, "content_type": 9, "object_id": "19", "object_repr": "stars", "action_flag": 1, "change_message": "[{\"added\": {}}]"}}, {"model": "admin.logentry", "pk": 20, "fields": {"action_time": "2024-10-10T14:34:00.303Z", "user": 1, "content_type": 9, "object_id": "20", "object_repr": "seasons", "action_flag": 1, "change_message": "[{\"added\": {}}]"}}, {"model": "admin.logentry", "pk": 21, "fields": {"action_time": "2024-10-10T14:34:03.205Z", "user": 1, "content_type": 9, "object_id": "21", "object_repr": "childhood", "action_flag": 1, "change_message": "[{\"added\": {}}]"}}, {"model": "admin.logentry", "pk": 22, "fields": {"action_time": "2024-10-10T14:34:08.831Z", "user": 1, "content_type": 9, "object_id": "22", "object_repr": "nostalgia", "action_flag": 1, "change_message": "[{\"added\": {}}]"}}, {"model": "admin.logentry", "pk": 23, "fields": {"action_time": "2024-10-10T14:34:10.920Z", "user": 1, "content_type": 9, "object_id": "23", "object_repr": "wisdom", "action_flag": 1, "change_message": "[{\"added\": {}}]"}}, {"model": "admin.logentry", "pk": 24, "fields": {"action_time": "2024-10-10T14:34:14.987Z", "user": 1, "content_type": 9, "object_id": "24", "object_repr": "courage", "action_flag": 1, "change_message": "[{\"added\": {}}]"}}, {"model": "admin.logentry", "pk": 25, "fields": {"action_time": "2024-10-10T14:34:16.535Z", "user": 1, "content_type": 9, "object_id": "25", "object_repr": "art", "action_flag": 1, "change_message": "[{\"added\": {}}]"}}, {"model": "admin.logentry", "pk": 26, "fields": {"action_time": "2024-10-10T14:34:20.536Z", "user": 1, "content_type": 9, "object_id": "26", "object_repr": "music", "action_flag": 1, "change_message": "[{\"added\": {}}]"}}, {"model": "admin.logentry", "pk": 27, "fields": {"action_time": "2024-10-10T14:34:22.875Z", "user": 1, "content_type": 9, "object_id": "27", "object_repr": "longing", "action_flag": 1, "change_message": "[{\"added\": {}}]"}}, {"model": "admin.logentry", "pk": 28, "fields": {"action_time": "2024-10-10T14:34:27.285Z", "user": 1, "content_type": 9, "object_id": "28", "object_repr": "freedom", "action_flag": 1, "change_message": "[{\"added\": {}}]"}}, {"model": "admin.logentry", "pk": 29, "fields": {"action_time": "2024-10-10T14:34:32.058Z", "user": 1, "content_type": 9, "object_id": "29", "object_repr": "mystery", "action_flag": 1, "change_message": "[{\"added\": {}}]"}}, {"model": "admin.logentry", "pk": 30, "fields": {"action_time": "2024-10-10T14:34:37.807Z", "user": 1, "content_type": 9, "object_id": "30", "object_repr": "spirituality", "action_flag": 1, "change_message": "[{\"added\": {}}]"}}, {"model": "admin.logentry", "pk": 31, "fields": {"action_time": "2024-10-10T14:34:45.537Z", "user": 1, "content_type": 9, "object_id": "31", "object_repr": "introspection", "action_flag": 1, "change_message": "[{\"added\": {}}]"}}, {"model": "admin.logentry", "pk": 32, "fields": {"action_time": "2024-10-10T14:34:49.886Z", "user": 1, "content_type": 9, "object_id": "32", "object_repr": "growth", "action_flag": 1, "change_message": "[{\"added\": {}}]"}}, {"model": "admin.logentry", "pk": 33, "fields": {"action_time": "2024-10-10T14:34:53.382Z", "user": 1, "content_type": 9, "object_id": "33", "object_repr": "journey", "action_flag": 1, "change_message": "[{\"added\": {}}]"}}, {"model": "admin.logentry", "pk": 34, "fields": {"action_time": "2024-10-10T14:34:56.751Z", "user": 1, "content_type": 9, "object_id": "34", "object_repr": "heartbreak", "action_flag": 1, "change_message": "[{\"added\": {}}]"}}, {"model": "admin.logentry", "pk": 35, "fields": {"action_time": "2024-10-10T14:35:03.038Z", "user": 1, "content_type": 9, "object_id": "35", "object_repr": "inspiration", "action_flag": 1, "change_message": "[{\"added\": {}}]"}}, {"model": "admin.logentry", "pk": 36, "fields": {"action_time": "2024-10-10T14:35:05.231Z", "user": 1, "content_type": 9, "object_id": "36", "object_repr": "serenity", "action_flag": 1, "change_message": "[{\"added\": {}}]"}}, {"model": "admin.logentry", "pk": 37, "fields": {"action_time": "2024-10-10T14:35:10.445Z", "user": 1, "content_type": 9, "object_id": "37", "object_repr": "melancholy", "action_flag": 1, "change_message": "[{\"added\": {}}]"}}, {"model": "admin.logentry", "pk": 38, "fields": {"action_time": "2024-10-10T14:35:12.641Z", "user": 1, "content_type": 9, "object_id": "38", "object_repr": "wonder", "action_flag": 1, "change_message": "[{\"added\": {}}]"}}, {"model": "admin.logentry", "pk": 39, "fields": {"action_time": "2024-10-10T14:35:19.677Z", "user": 1, "content_type": 9, "object_id": "39", "object_repr": "adventure", "action_flag": 1, "change_message": "[{\"added\": {}}]"}}, {"model": "admin.logentry", "pk": 40, "fields": {"action_time": "2024-10-10T14:35:22.792Z", "user": 1, "content_type": 9, "object_id": "40", "object_repr": "trust", "action_flag": 1, "change_message": "[{\"added\": {}}]"}}, {"model": "admin.logentry", "pk": 41, "fields": {"action_time": "2024-10-10T14:35:23.907Z", "user": 1, "content_type": 9, "object_id": "41", "object_repr": "fear", "action_flag": 1, "change_message": "[{\"added\": {}}]"}}, {"model": "admin.logentry", "pk": 42, "fields": {"action_time": "2024-10-10T14:35:25.435Z", "user": 1, "content_type": 9, "object_id": "42", "object_repr": "anger", "action_flag": 1, "change_message": "[{\"added\": {}}]"}}, {"model": "admin.logentry", "pk": 43, "fields": {"action_time": "2024-10-10T14:35:33.016Z", "user": 1, "content_type": 9, "object_id": "43", "object_repr": "peace", "action_flag": 1, "change_message": "[{\"added\": {}}]"}}, {"model": "admin.logentry", "pk": 44, "fields": {"action_time": "2024-10-10T14:35:36.026Z", "user": 1, "content_type": 9, "object_id": "44", "object_repr": "reflection", "action_flag": 1, "change_message": "[{\"added\": {}}]"}}, {"model": "admin.logentry", "pk": 45, "fields": {"action_time": "2024-10-10T14:35:40.989Z", "user": 1, "content_type": 9, "object_id": "45", "object_repr": "sunset", "action_flag": 1, "change_message": "[{\"added\": {}}]"}}, {"model": "admin.logentry", "pk": 46, "fields": {"action_time": "2024-10-10T14:35:44.006Z", "user": 1, "content_type": 9, "object_id": "46", "object_repr": "ocean", "action_flag": 1, "change_message": "[{\"added\": {}}]"}}, {"model": "admin.logentry", "pk": 47, "fields": {"action_time": "2024-10-10T14:35:48.005Z", "user": 1, "content_type": 9, "object_id": "47", "object_repr": "mountains", "action_flag": 1, "change_message": "[{\"added\": {}}]"}}, {"model": "admin.logentry", "pk": 48, "fields": {"action_time": "2024-10-10T14:35:50.071Z", "user": 1, "content_type": 9, "object_id": "48", "object_repr": "rivers", "action_flag": 1, "change_message": "[{\"added\": {}}]"}}, {"model": "admin.logentry", "pk": 49, "fields": {"action_time": "2024-10-10T14:35:52.437Z", "user": 1, "content_type": 9, "object_id": "49", "object_repr": "forests", "action_flag": 1, "change_message": "[{\"added\": {}}]"}}, {"model": "admin.logentry", "pk": 50, "fields": {"action_time": "2024-10-10T14:35:56.205Z", "user": 1, "content_type": 9, "object_id": "50", "object_repr": "flowers", "action_flag": 1, "change_message": "[{\"added\": {}}]"}}, {"model": "admin.logentry", "pk": 51, "fields": {"action_time": "2024-10-10T14:36:05.498Z", "user": 1, "content_type": 9, "object_id": "51", "object_repr": "wildlife", "action_flag": 1, "change_message": "[{\"added\": {}}]"}}, {"model": "admin.logentry", "pk": 52, "fields": {"action_time": "2024-10-10T14:36:07.590Z", "user": 1, "content_type": 9, "object_id": "52", "object_repr": "desire", "action_flag": 1, "change_message": "[{\"added\": {}}]"}}, {"model": "admin.logentry", "pk": 53, "fields": {"action_time": "2024-10-10T14:36:19.305Z", "user": 1, "content_type": 9, "object_id": "53", "object_repr": "travel", "action_flag": 1, "change_message": "[{\"added\": {}}]"}}, {"model": "admin.logentry", "pk": 54, "fields": {"action_time": "2024-10-10T14:36:26.693Z", "user": 1, "content_type": 9, "object_id": "54", "object_repr": "culture", "action_flag": 1, "change_message": "[{\"added\": {}}]"}}, {"model": "admin.logentry", "pk": 55, "fields": {"action_time": "2024-10-10T14:36:30.271Z", "user": 1, "content_type": 9, "object_id": "55", "object_repr": "social justice", "action_flag": 1, "change_message": "[{\"added\": {}}]"}}, {"model": "admin.logentry", "pk": 56, "fields": {"action_time": "2024-10-10T14:36:34.566Z", "user": 1, "content_type": 9, "object_id": "56", "object_repr": "social injustice", "action_flag": 1, "change_message": "[{\"added\": {}}]"}}, {"model": "admin.logentry", "pk": 57, "fields": {"action_time": "2024-10-10T14:36:39.888Z", "user": 1, "content_type": 9, "object_id": "57", "object_repr": "morals", "action_flag": 1, "change_message": "[{\"added\": {}}]"}}, {"model": "admin.logentry", "pk": 58, "fields": {"action_time": "2024-10-10T14:36:42.232Z", "user": 1, "content_type": 9, "object_id": "58", "object_repr": "rain", "action_flag": 1, "change_message": "[{\"added\": {}}]"}}, {"model": "admin.logentry", "pk": 59, "fields": {"action_time": "2024-10-10T14:36:43.994Z", "user": 1, "content_type": 9, "object_id": "59", "object_repr": "snow", "action_flag": 1, "change_message": "[{\"added\": {}}]"}}, {"model": "admin.logentry", "pk": 60, "fields": {"action_time": "2024-10-10T14:36:45.704Z", "user": 1, "content_type": 9, "object_id": "60", "object_repr": "wind", "action_flag": 1, "change_message": "[{\"added\": {}}]"}}, {"model": "admin.logentry", "pk": 61, "fields": {"action_time": "2024-10-10T14:36:47.695Z", "user": 1, "content_type": 9, "object_id": "61", "object_repr": "fire", "action_flag": 1, "change_message": "[{\"added\": {}}]"}}, {"model": "admin.logentry", "pk": 62, "fields": {"action_time": "2024-10-10T14:36:55.894Z", "user": 1, "content_type": 9, "object_id": "62", "object_repr": "struggle", "action_flag": 1, "change_message": "[{\"added\": {}}]"}}, {"model": "admin.logentry", "pk": 63, "fields": {"action_time": "2024-10-10T14:37:00.406Z", "user": 1, "content_type": 9, "object_id": "63", "object_repr": "victory", "action_flag": 1, "change_message": "[{\"added\": {}}]"}}, {"model": "admin.logentry", "pk": 64, "fields": {"action_time": "2024-10-10T14:37:06.569Z", "user": 1, "content_type": 9, "object_id": "64", "object_repr": "hills", "action_flag": 1, "change_message": "[{\"added\": {}}]"}}, {"model": "admin.logentry", "pk": 65, "fields": {"action_time": "2024-10-10T14:37:08.576Z", "user": 1, "content_type": 9, "object_id": "65", "object_repr": "valleys", "action_flag": 1, "change_message": "[{\"added\": {}}]"}}, {"model": "admin.logentry", "pk": 66, "fields": {"action_time": "2024-10-10T14:37:15.003Z", "user": 1, "content_type": 9, "object_id": "66", "object_repr": "harmony", "action_flag": 1, "change_message": "[{\"added\": {}}]"}}, {"model": "admin.logentry", "pk": 67, "fields": {"action_time": "2024-10-10T14:37:17.662Z", "user": 1, "content_type": 9, "object_id": "67", "object_repr": "chaos", "action_flag": 1, "change_message": "[{\"added\": {}}]"}}, {"model": "admin.logentry", "pk": 68, "fields": {"action_time": "2024-10-10T14:37:22.557Z", "user": 1, "content_type": 9, "object_id": "68", "object_repr": "vulnerability", "action_flag": 1, "change_message": "[{\"added\": {}}]"}}, {"model": "admin.logentry", "pk": 69, "fields": {"action_time": "2024-10-10T14:37:25.325Z", "user": 1, "content_type": 9, "object_id": "69", "object_repr": "imagination", "action_flag": 1, "change_message": "[{\"added\": {}}]"}}, {"model": "admin.logentry", "pk": 70, "fields": {"action_time": "2024-10-10T14:37:29.344Z", "user": 1, "content_type": 9, "object_id": "70", "object_repr": "strength", "action_flag": 1, "change_message": "[{\"added\": {}}]"}}, {"model": "admin.logentry", "pk": 71, "fields": {"action_time": "2024-10-10T14:37:35.536Z", "user": 1, "content_type": 9, "object_id": "71", "object_repr": "renewal", "action_flag": 1, "change_message": "[{\"added\": {}}]"}}, {"model": "admin.logentry", "pk": 72, "fields": {"action_time": "2024-10-10T14:37:56.726Z", "user": 1, "content_type": 9, "object_id": "72", "object_repr": "religion", "action_flag": 1, "change_message": "[{\"added\": {}}]"}}, {"model": "admin.logentry", "pk": 73, "fields": {"action_time": "2024-10-10T14:37:59.447Z", "user": 1, "content_type": 9, "object_id": "73", "object_repr": "faith", "action_flag": 1, "change_message": "[{\"added\": {}}]"}}, {"model": "admin.logentry", "pk": 74, "fields": {"action_time": "2024-10-10T14:38:15.070Z", "user": 1, "content_type": 9, "object_id": "74", "object_repr": "grief", "action_flag": 1, "change_message": "[{\"added\": {}}]"}}, {"model": "admin.logentry", "pk": 75, "fields": {"action_time": "2024-10-10T14:38:25.143Z", "user": 1, "content_type": 9, "object_id": "75", "object_repr": "existence", "action_flag": 1, "change_message": "[{\"added\": {}}]"}}, {"model": "admin.logentry", "pk": 76, "fields": {"action_time": "2024-10-10T14:50:01.257Z", "user": 1, "content_type": 9, "object_id": "77", "object_repr": "love", "action_flag": 1, "change_message": "[{\"added\": {}}]"}}, {"model": "admin.logentry", "pk": 77, "fields": {"action_time": "2024-10-10T15:09:43.283Z", "user": 1, "content_type": 9, "object_id": "76", "object_repr": "helicopter", "action_flag": 3, "change_message": ""}}, {"model": "auth.permission", "pk": 1, "fields": {"name": "Can add log entry", "content_type": 1, "codename": "add_logentry"}}, {"model": "auth.permission", "pk": 2, "fields": {"name": "Can change log entry", "content_type": 1, "codename": "change_logentry"}}, {"model": "auth.permission", "pk": 3, "fields": {"name": "Can delete log entry", "content_type": 1, "codename": "delete_logentry"}}, {"model": "auth.permission", "pk": 4, "fields": {"name": "Can view log entry", "content_type": 1, "codename": "view_logentry"}}, {"model": "auth.permission", "pk": 5, "fields": {"name": "Can add permission", "content_type": 2, "codename": "add_permission"}}, {"model": "auth.permission", "pk": 6, "fields": {"name": "Can change permission", "content_type": 2, "codename": "change_permission"}}, {"model": "auth.permission", "pk": 7, "fields": {"name": "Can delete permission", "content_type": 2, "codename": "delete_permission"}}, {"model": "auth.permission", "pk": 8, "fields": {"name": "Can view permission", "content_type": 2, "codename": "view_permission"}}, {"model": "auth.permission", "pk": 9, "fields": {"name": "Can add group", "content_type": 3, "codename": "add_group"}}, {"model": "auth.permission", "pk": 10, "fields": {"name": "Can change group", "content_type": 3, "codename": "change_group"}}, {"model": "auth.permission", "pk": 11, "fields": {"name": "Can delete group", "content_type": 3, "codename": "delete_group"}}, {"model": "auth.permission", "pk": 12, "fields": {"name": "Can view group", "content_type": 3, "codename": "view_group"}}, {"model": "auth.permission", "pk": 13, "fields": {"name": "Can add user", "content_type": 4, "codename": "add_user"}}, {"model": "auth.permission", "pk": 14, "fields": {"name": "Can change user", "content_type": 4, "codename": "change_user"}}, {"model": "auth.permission", "pk": 15, "fields": {"name": "Can delete user", "content_type": 4, "codename": "delete_user"}}, {"model": "auth.permission", "pk": 16, "fields": {"name": "Can view user", "content_type": 4, "codename": "view_user"}}, {"model": "auth.permission", "pk": 17, "fields": {"name": "Can add content type", "content_type": 5, "codename": "add_contenttype"}}, {"model": "auth.permission", "pk": 18, "fields": {"name": "Can change content type", "content_type": 5, "codename": "change_contenttype"}}, {"model": "auth.permission", "pk": 19, "fields": {"name": "Can delete content type", "content_type": 5, "codename": "delete_contenttype"}}, {"model": "auth.permission", "pk": 20, "fields": {"name": "Can view content type", "content_type": 5, "codename": "view_contenttype"}}, {"model": "auth.permission", "pk": 21, "fields": {"name": "Can add session", "content_type": 6, "codename": "add_session"}}, {"model": "auth.permission", "pk": 22, "fields": {"name": "Can change session", "content_type": 6, "codename": "change_session"}}, {"model": "auth.permission", "pk": 23, "fields": {"name": "Can delete session", "content_type": 6, "codename": "delete_session"}}, {"model": "auth.permission", "pk": 24, "fields": {"name": "Can view session", "content_type": 6, "codename": "view_session"}}, {"model": "auth.permission", "pk": 25, "fields": {"name": "Can add daily prompt", "content_type": 7, "codename": "add_dailyprompt"}}, {"model": "auth.permission", "pk": 26, "fields": {"name": "Can change daily prompt", "content_type": 7, "codename": "change_dailyprompt"}}, {"model": "auth.permission", "pk": 27, "fields": {"name": "Can delete daily prompt", "content_type": 7, "codename": "delete_dailyprompt"}}, {"model": "auth.permission", "pk": 28, "fields": {"name": "Can view daily prompt", "content_type": 7, "codename": "view_dailyprompt"}}, {"model": "auth.permission", "pk": 29, "fields": {"name": "Can add news", "content_type": 8, "codename": "add_news"}}, {"model": "auth.permission", "pk": 30, "fields": {"name": "Can change news", "content_type": 8, "codename": "change_news"}}, {"model": "auth.permission", "pk": 31, "fields": {"name": "Can delete news", "content_type": 8, "codename": "delete_news"}}, {"model": "auth.permission", "pk": 32, "fields": {"name": "Can view news", "content_type": 8, "codename": "view_news"}}, {"model": "auth.permission", "pk": 33, "fields": {"name": "Can add tag", "content_type": 9, "codename": "add_tag"}}, {"model": "auth.permission", "pk": 34, "fields": {"name": "Can change tag", "content_type": 9, "codename": "change_tag"}}, {"model": "auth.permission", "pk": 35, "fields": {"name": "Can delete tag", "content_type": 9, "codename": "delete_tag"}}, {"model": "auth.permission", "pk": 36, "fields": {"name": "Can view tag", "content_type": 9, "codename": "view_tag"}}, {"model": "auth.permission", "pk": 37, "fields": {"name": "Can add comment", "content_type": 10, "codename": "add_comment"}}, {"model": "auth.permission", "pk": 38, "fields": {"name": "Can change comment", "content_type": 10, "codename": "change_comment"}}, {"model": "auth.permission", "pk": 39, "fields": {"name": "Can delete comment", "content_type": 10, "codename": "delete_comment"}}, {"model": "auth.permission", "pk": 40, "fields": {"name": "Can view comment", "content_type": 10, "codename": "view_comment"}}, {"model": "auth.permission", "pk": 41, "fields": {"name": "Can add conversation", "content_type": 11, "codename": "add_conversation"}}, {"model": "auth.permission", "pk": 42, "fields": {"name": "Can change conversation", "content_type": 11, "codename": "change_conversation"}}, {"model": "auth.permission", "pk": 43, "fields": {"name": "Can delete conversation", "content_type": 11, "codename": "delete_conversation"}}, {"model": "auth.permission", "pk": 44, "fields": {"name": "Can view conversation", "content_type": 11, "codename": "view_conversation"}}, {"model": "auth.permission", "pk": 45, "fields": {"name": "Can add message", "content_type": 12, "codename": "add_message"}}, {"model": "auth.permission", "pk": 46, "fields": {"name": "Can change message", "content_type": 12, "codename": "change_message"}}, {"model": "auth.permission", "pk": 47, "fields": {"name": "Can delete message", "content_type": 12, "codename": "delete_message"}}, {"model": "auth.permission", "pk": 48, "fields": {"name": "Can view message", "content_type": 12, "codename": "view_message"}}, {"model": "auth.permission", "pk": 49, "fields": {"name": "Can add poetry", "content_type": 13, "codename": "add_poetry"}}, {"model": "auth.permission", "pk": 50, "fields": {"name": "Can change poetry", "content_type": 13, "codename": "change_poetry"}}, {"model": "auth.permission", "pk": 51, "fields": {"name": "Can delete poetry", "content_type": 13, "codename": "delete_poetry"}}, {"model": "auth.permission", "pk": 52, "fields": {"name": "Can view poetry", "content_type": 13, "codename": "view_poetry"}}, {"model": "auth.permission", "pk": 53, "fields": {"name": "Can add notification", "content_type": 14, "codename": "add_notification"}}, {"model": "auth.permission", "pk": 54, "fields": {"name": "Can change notification", "content_type": 14, "codename": "change_notification"}}, {"model": "auth.permission", "pk": 55, "fields": {"name": "Can delete notification", "content_type": 14, "codename": "delete_notification"}}, {"model": "auth.permission", "pk": 56, "fields": {"name": "Can view notification", "content_type": 14, "codename": "view_notification"}}, {"model": "auth.permission", "pk": 57, "fields": {"name": "Can add folder", "content_type": 15, "codename": "add_folder"}}, {"model": "auth.permission", "pk": 58, "fields": {"name": "Can change folder", "content_type": 15, "codename": "change_folder"}}, {"model": "auth.permission", "pk": 59, "fields": {"name": "Can delete folder", "content_type": 15, "codename": "delete_folder"}}, {"model": "auth.permission", "pk": 60, "fields": {"name": "Can view folder", "content_type": 15, "codename": "view_folder"}}, {"model": "auth.permission", "pk": 61, "fields": {"name": "Can add profile", "content_type": 16, "codename": "add_profile"}}, {"model": "auth.permission", "pk": 62, "fields": {"name": "Can change profile", "content_type": 16, "codename": "change_profile"}}, {"model": "auth.permission", "pk": 63, "fields": {"name": "Can delete profile", "content_type": 16, "codename": "delete_profile"}}, {"model": "auth.permission", "pk": 64, "fields": {"name": "Can view profile", "content_type": 16, "codename": "view_profile"}}, {"model": "auth.permission", "pk": 65, "fields": {"name": "Can add Following", "content_type": 17, "codename": "add_following"}}, {"model": "auth.permission", "pk": 66, "fields": {"name": "Can change Following", "content_type": 17, "codename": "change_following"}}, {"model": "auth.permission", "pk": 67, "fields": {"name": "Can delete Following", "content_type": 17, "codename": "delete_following"}}, {"model": "auth.permission", "pk": 68, "fields": {"name": "Can view Following", "content_type": 17, "codename": "view_following"}}, {"model": "auth.permission", "pk": 69, "fields": {"name": "Can add like", "content_type": 18, "codename": "add_like"}}, {"model": "auth.permission", "pk": 70, "fields": {"name": "Can change like", "content_type": 18, "codename": "change_like"}}, {"model": "auth.permission", "pk": 71, "fields": {"name": "Can delete like", "content_type": 18, "codename": "delete_like"}}, {"model": "auth.permission", "pk": 72, "fields": {"name": "Can view like", "content_type": 18, "codename": "view_like"}}, {"model": "auth.permission", "pk": 73, "fields": {"name": "Can add favorite poem", "content_type": 19, "codename": "add_favoritepoem"}}, {"model": "auth.permission", "pk": 74, "fields": {"name": "Can change favorite poem", "content_type": 19, "codename": "change_favoritepoem"}}, {"model": "auth.permission", "pk": 75, "fields": {"name": "Can delete favorite poem", "content_type": 19, "codename": "delete_favoritepoem"}}, {"model": "auth.permission", "pk": 76, "fields": {"name": "Can view favorite poem", "content_type": 19, "codename": "view_favoritepoem"}}, {"model": "auth.permission", "pk": 77, "fields": {"name": "Can add attachment", "content_type": 20, "codename": "add_attachment"}}, {"model": "auth.permission", "pk": 78, "fields": {"name": "Can change attachment", "content_type": 20, "codename": "change_attachment"}}, {"model": "auth.permission", "pk": 79, "fields": {"name": "Can delete attachment", "content_type": 20, "codename": "delete_attachment"}}, {"model": "auth.permission", "pk": 80, "fields": {"name": "Can view attachment", "content_type": 20, "codename": "view_attachment"}}, {"model": "auth.permission", "pk": 81, "fields": {"name": "Can add revision", "content_type": 21, "codename": "add_revision"}}, {"model": "auth.permission", "pk": 82, "fields": {"name": "Can change revision", "content_type": 21, "codename": "change_revision"}}, {"model": "auth.permission", "pk": 83, "fields": {"name": "Can delete revision", "content_type": 21, "codename": "delete_revision"}}, {"model": "auth.permission", "pk": 84, "fields": {"name": "Can view revision", "content_type": 21, "codename": "view_revision"}}, {"model": "auth.permission", "pk": 85, "fields": {"name": "Can add version", "content_type": 22, "codename": "add_version"}}, {"model": "auth.permission", "pk": 86, "fields": {"name": "Can change version", "content_type": 22, "codename": "change_version"}}, {"model": "auth.permission", "pk": 87, "fields": {"name": "Can delete version", "content_type": 22, "codename": "delete_version"}}, {"model": "auth.permission", "pk": 88, "fields": {"name": "Can view version", "content_type": 22, "codename": "view_version"}}, {"model": "auth.permission", "pk": 89, "fields": {"name": "Can add reaction", "content_type": 23, "codename": "add_reaction"}}, {"model": "auth.permission", "pk": 90, "fields": {"name": "Can change reaction", "content_type": 23, "codename": "change_reaction"}}, {"model": "auth.permission", "pk": 91, "fields": {"name": "Can delete reaction", "content_type": 23, "codename": "delete_reaction"}}, {"model": "auth.permission", "pk": 92, "fields": {"name": "Can view reaction", "content_type": 23, "codename": "view_reaction"}}, {"model": "auth.permission", "pk": 93, "fields": {"name": "Can add poem reaction", "content_type": 24, "codename": "add_poemreaction"}}, {"model": "auth.permission", "pk": 94, "fields": {"name": "Can change poem reaction", "content_type": 24, "codename": "change_poemreaction"}}, {"model": "auth.permission", "pk": 95, "fields": {"name": "Can delete poem reaction", "content_type": 24, "codename": "delete_poemreaction"}}, {"model": "auth.permission", "pk": 96, "fields": {"name": "Can view poem reaction", "content_type": 24, "codename": "view_poemreaction"}}, {"model": "auth.permission", "pk": 97, "fields": {"name": "Can add badge", "content_type": 25, "codename": "add_badge"}}, {"model": "auth.permission", "pk": 98, "fields": {"name": "Can change badge", "content_type": 25, "codename": "change_badge"}}, {"model": "auth.permission", "pk": 99, "fields": {"name": "Can delete badge", "content_type": 25, "codename": "delete_badge"}}, {"model": "auth.permission", "pk": 100, "fields": {"name": "Can view badge", "content_type": 25, "codename": "view_badge"}}, {"model": "auth.permission", "pk": 101, "fields": {"name": "Can add educational resource", "content_type": 26, "codename": "add_educationalresource"}}, {"model": "auth.permission", "pk": 102, "fields": {"name": "Can change educational resource", "content_type": 26, "codename": "change_educationalresource"}}, {"model": "auth.permission", "pk": 103, "fields": {"name": "Can delete educational resource", "content_type": 26, "codename": "delete_educationalresource"}}, {"model": "auth.permission", "pk": 104, "fields": {"name": "Can view educational resource", "content_type": 26, "codename": "view_educationalresource"}}, {"model": "auth.permission", "pk": 105, "fields": {"name": "Can add learning path", "content_type": 27, "codename": "add_learningpath"}}, {"model": "auth.permission", "pk": 106, "fields": {"name": "Can change learning path", "content_type": 27, "codename": "change_learningpath"}}, {"model": "auth.permission", "pk": 107, "fields": {"name": "Can delete learning path", "content_type": 27, "codename": "delete_learningpath"}}, {"model": "auth.permission", "pk": 108, "fields": {"name": "Can view learning path", "content_type": 27, "codename": "view_learningpath"}}, {"model": "auth.permission", "pk": 109, "fields": {"name": "Can add reported content", "content_type": 28, "codename": "add_reportedcontent"}}, {"model": "auth.permission", "pk": 110, "fields": {"name": "Can change reported content", "content_type": 28, "codename": "change_reportedcontent"}}, {"model": "auth.permission", "pk": 111, "fields": {"name": "Can delete reported content", "content_type": 28, "codename": "delete_reportedcontent"}}, {"model": "auth.permission", "pk": 112, "fields": {"name": "Can view reported content", "content_type": 28, "codename": "view_reportedcontent"}}, {"model": "auth.permission", "pk": 113, "fields": {"name": "Can add user role", "content_type": 29, "codename": "add_userrole"}}, {"model": "auth.permission", "pk": 114, "fields": {"name": "Can change user role", "content_type": 29, "codename": "change_userrole"}}, {"model": "auth.permission", "pk": 115, "fields": {"name": "Can delete user role", "content_type": 29, "codename": "delete_userrole"}}, {"model": "auth.permission", "pk": 116, "fields": {"name": "Can view user role", "content_type": 29, "codename": "view_userrole"}}, {"model": "auth.user", "pk": 1, "fields": {"password": "pbkdf2_sha256$870000$Qxx2H1rYNlJx4atU613mUd$aXi+u0SHUIZq/leOmr9UIg59YbkOfcM3HS88hH0qGDQ=", "last_login": "2024-10-04T20:33:07.353Z", "is_superuser": true, "username": "seanm", "first_name": "", "last_name": "", "email": "seanburnzss@gmail.com", "is_staff": true, "is_active": true, "date_joined": "2024-10-04T20:32:37.835Z", "groups": [], "user_permissions": []}}, {"model": "auth.user", "pk": 2, "fields": {"password": "pbkdf2_sha256$870000$f1yyfvFEztFDXqmpbbrG5y$l18kxH+CO1hqG/VXoNzvWo63W3vjnUCZOLZJn6ORiyA=", "last_login": "2024-10-08T10:49:59.125Z", "is_superuser": false, "username": "sean", "first_name": "", "last_name": "", "email": "sean.m.burns01@gmail.com", "is_staff": false, "is_active": true, "date_joined": "2024-10-04T20:34:39.984Z", "groups": [], "user_permissions": []}}, {"model": "contenttypes.contenttype", "pk": 1, "fields": {"app_label": "admin", "model": "logentry"}}, {"model": "contenttypes.contenttype", "pk": 2, "fields": {"app_label": "auth", "model": "permission"}}, {"model": "contenttypes.contenttype", "pk": 3, "fields": {"app_label": "auth", "model": "group"}}, {"model": "contenttypes.contenttype", "pk": 4, "fields": {"app_label": "auth", "model": "user"}}, {"model": "contenttypes.contenttype", "pk": 5, "fields": {"app_label": "contenttypes", "model": "contenttype"}}, {"model": "contenttypes.contenttype", "pk": 6, "fields": {"app_label": "sessions", "model": "session"}}, {"model": "contenttypes.contenttype", "pk": 7, "fields": {"app_label": "poetry_app", "model": "dailyprompt"}}, {"model": "contenttypes.contenttype", "pk": 8, "fields": {"app_label": "poetry_app", "model": "news"}}, {"model": "contenttypes.contenttype", "pk": 9, "fields": {"app_label": "poetry_app", "model": "tag"}}, {"model": "contenttypes.contenttype", "pk": 10, "fields": {"app_label": "poetry_app", "model": "comment"}}, {"model": "contenttypes.contenttype", "pk": 11, "fields": {"app_label": "poetry_app", "model": "conversation"}}, {"model": "contenttypes.contenttype", "pk": 12, "fields": {"app_label": "poetry_app", "model": "message"}}, {"model": "contenttypes.contenttype", "pk": 13, "fields": {"app_label": "poetry_app", "model": "poetry"}}, {"model": "contenttypes.contenttype", "pk": 14, "fields": {"app_label": "poetry_app", "model": "notification"}}, {"model": "contenttypes.contenttype", "pk": 15, "fields": {"app_label": "poetry_app", "model": "folder"}}, {"model": "contenttypes.contenttype", "pk": 16, "fields": {"app_label": "poetry_app", "model": "profile"}}, {"model": "contenttypes.contenttype", "pk": 17, "fields": {"app_label": "poetry_app", "model": "following"}}, {"model": "contenttypes.contenttype", "pk": 18, "fields": {"app_label": "poetry_app", "model": "like"}}, {"model": "contenttypes.contenttype", "pk": 19, "fields": {"app_label": "poetry_app", "model": "favoritepoem"}}, {"model": "contenttypes.contenttype", "pk": 20, "fields": {"app_label": "django_summernote", "model": "attachment"}}, {"model": "contenttypes.contenttype", "pk": 21, "fields": {"app_label": "reversion", "model": "revision"}}, {"model": "contenttypes.contenttype", "pk": 22, "fields": {"app_label": "reversion", "model": "version"}}, {"model": "contenttypes.contenttype", "pk": 23, "fields": {"app_label": "poetry_app", "model": "reaction"}}, {"model": "contenttypes.contenttype", "pk": 24, "fields": {"app_label": "poetry_app", "model": "poemreaction"}}, {"model": "contenttypes.contenttype", "pk": 25, "fields": {"app_label": "poetry_app", "model": "badge"}}, {"model": "contenttypes.contenttype", "pk": 26, "fields": {"app_label": "poetry_app", "model": "educationalresource"}}, {"model": "contenttypes.contenttype", "pk": 27, "fields": {"app_label": "poetry_app", "model": "learningpath"}}, {"model": "contenttypes.contenttype", "pk": 28, "fields": {"app_label": "poetry_app", "model": "reportedcontent"}}, {"model": "contenttypes.contenttype", "pk": 29, "fields": {"app_label": "poetry_app", "model": "userrole"}}, {"model": "sessions.session", "pk": "g60n3ywviqqp6zja8ih1ewidvffap8qx", "fields": {"session_data": ".eJxVjDsOwjAQBe_iGln4J3sp6TmDtbve4ABypDipIu4OkVJA-2bmbSrjutS8dpnzWNRFWXX63Qj5KW0H5YHtPmme2jKPpHdFH7Tr21TkdT3cv4OKvX7rITnvSCiiGBsleYAEBlPxxHwmQrAUIwdHCU1wQzEWiX0qwUYAYPX-APS1OEI:1swp0a:7Wwa20ER40fXo2C6GL8q1p0RMqNlJx28TpAUovyqwOY", "expire_date": "2024-10-18T20:34:40.393Z"}}, {"model": "sessions.session", "pk": "iywc00ds82ci1bgb9uumbhhu3zih618l", "fields": {"session_data": ".eJxVjDsOwjAQBe_iGln4J3sp6TmDtbve4ABypDipIu4OkVJA-2bmbSrjutS8dpnzWNRFWXX63Qj5KW0H5YHtPmme2jKPpHdFH7Tr21TkdT3cv4OKvX7rITnvSCiiGBsleYAEBlPxxHwmQrAUIwdHCU1wQzEWiX0qwUYAYPX-APS1OEI:1sxG5y:Zttw5mUuBHC2qmlhiPY29QGJz4lzvSvyuhgI6MC2XPE", "expire_date": "2024-10-20T01:30:02.802Z"}}, {"model": "sessions.session", "pk": "jarofigbhf9657hu4a1krqtm0jacfbpo", "fields": {"session_data": ".eJxVjDsOwjAQBe_iGln4J3sp6TmDtbve4ABypDipIu4OkVJA-2bmbSrjutS8dpnzWNRFWXX63Qj5KW0H5YHtPmme2jKPpHdFH7Tr21TkdT3cv4OKvX7rITnvSCiiGBsleYAEBlPxxHwmQrAUIwdHCU1wQzEWiX0qwUYAYPX-APS1OEI:1sxDUL:_s5_zhwFhmoZDcwMto73G5km1NDyidfy8q685-7JdN4", "expire_date": "2024-10-19T22:43:01.036Z"}}, {"model": "sessions.session", "pk": "nn4j60adqkt47il46784q4pzyujzlv82", "fields": {"session_data": ".eJxVjDsOwjAQBe_iGln4J3sp6TmDtbve4ABypDipIu4OkVJA-2bmbSrjutS8dpnzWNRFWXX63Qj5KW0H5YHtPmme2jKPpHdFH7Tr21TkdT3cv4OKvX7rITnvSCiiGBsleYAEBlPxxHwmQrAUIwdHCU1wQzEWiX0qwUYAYPX-APS1OEI:1sy7mx:q0af2EP8TVLzgSk1bJnOgRsjBov5YdsD7axtLqpEvPs", "expire_date": "2024-10-22T10:49:59.139Z"}}, {"model": "sessions.session", "pk": "p0ioktn9x2x13662us19ga16n1vctqd1", "fields": {"session_data": ".eJxVjDsOwjAQBe_iGln4J3sp6TmDtbve4ABypDipIu4OkVJA-2bmbSrjutS8dpnzWNRFWXX63Qj5KW0H5YHtPmme2jKPpHdFH7Tr21TkdT3cv4OKvX7rITnvSCiiGBsleYAEBlPxxHwmQrAUIwdHCU1wQzEWiX0qwUYAYPX-APS1OEI:1sx0ZA:zQPALv-pSa7cNwgVz6FV15XcSU_njzcH0dh54VOzi_U", "expire_date": "2024-10-19T08:55:08.502Z"}}, {"model": "sessions.session", "pk": "tn24l3r38jn28vb3zd1vfhjywc83ue6x", "fields": {"session_data": ".eJxVjDsOwjAQBe_iGllrx19Kes5g7a4dHECOFCcV4u4QKQW0b2beSyTc1pq2XpY0ZXEWSpx-N0J-lLaDfMd2myXPbV0mkrsiD9rldc7leTncv4OKvX5r9iow-hgpmmIQlC1aAejBAgEOmK1RMWSHo3WOIwGPzBqsB0_FBSPeH833N2E:1swoz5:bscb5kdUBkMSDDUIhI8LmdGosEnps_mgmqAp5b9dfG8", "expire_date": "2024-10-18T20:33:07.367Z"}}, {"model": "sessions.session", "pk": "zrnxvjdc8wjnpsip4dhosa8d4q9u4c3i", "fields": {"session_data": ".eJxVjDsOwjAQBe_iGln4J3sp6TmDtbve4ABypDipIu4OkVJA-2bmbSrjutS8dpnzWNRFWXX63Qj5KW0H5YHtPmme2jKPpHdFH7Tr21TkdT3cv4OKvX7rITnvSCiiGBsleYAEBlPxxHwmQrAUIwdHCU1wQzEWiX0qwUYAYPX-APS1OEI:1sxIw3:qAWtwAdg6hJF5naPDaX5a7IbZcr_0FUrI5bWR5YqCeE", "expire_date": "2024-10-20T04:31:59.998Z"}}, {"model": "poetry_app.tag", "pk": 1, "fields": {"name": "nature", "category": "Topic", "image_url": "https://images.pexels.com/photos/2325447/pexels-photo-2325447.jpeg?auto=compress&cs=tinysrgb&h=350"}}, {"model": "poetry_app.tag", "pk": 2, "fields": {"name": "death", "category": "Topic", "image_url": "https://images.pexels.com/photos/1096925/pexels-photo-1096925.jpeg?auto=compress&cs=tinysrgb&h=350"}}, {"model": "poetry_app.tag", "pk": 3, "fields": {"name": "joy", "category": "Topic", "image_url": "https://images.pexels.com/photos/1263986/pexels-photo-1263986.jpeg?auto=compress&cs=tinysrgb&h=350"}}, {"model": "poetry_app.tag", "pk": 4, "fields": {"name": "sadness", "category": "Topic", "image_url": "https://images.pexels.com/photos/247314/pexels-photo-247314.jpeg?auto=compress&cs=tinysrgb&h=350"}}, {"model": "poetry_app.tag", "pk": 5, "fields": {"name": "beauty", "category": "Topic", "image_url": "https://images.pexels.com/photos/1903611/pexels-photo-1903611.jpeg?auto=compress&cs=tinysrgb&h=350"}}, {"model": "poetry_app.tag", "pk": 6, "fields": {"name": "time", "category": "Topic", "image_url": "https://images.pexels.com/photos/39396/hourglass-time-hours-sand-39396.jpeg?auto=compress&cs=tinysrgb&h=350"}}, {"model": "poetry_app.tag", "pk": 7, "fields": {"name": "friendship", "category": "Topic", "image_url": "https://images.pexels.com/photos/371285/pexels-photo-371285.jpeg?auto=compress&cs=tinysrgb&h=350"}}, {"model": "poetry_app.tag", "pk": 8, "fields": {"name": "dreams", "category": "Topic", "image_url": "https://images.pexels.com/photos/1535907/pexels-photo-1535907.jpeg?auto=compress&cs=tinysrgb&h=350"}}, {"model": "poetry_app.tag", "pk": 9, "fields": {"name": "memories", "category": "Topic", "image_url": "https://images.pexels.com/photos/185933/pexels-photo-185933.jpeg?auto=compress&cs=tinysrgb&h=350"}}, {"model": "poetry_app.tag", "pk": 10, "fields": {"name": "solitude", "category": "Topic", "image_url": "https://images.pexels.com/photos/1280162/pexels-photo-1280162.jpeg?auto=compress&cs=tinysrgb&h=350"}}, {"model": "poetry_app.tag", "pk": 11, "fields": {"name": "hope", "category": "Topic", "image_url": "https://images.pexels.com/photos/3698024/pexels-photo-3698024.jpeg?auto=compress&cs=tinysrgb&h=350"}}, {"model": "poetry_app.tag", "pk": 12, "fields": {"name": "change", "category": "Topic", "image_url": "https://images.pexels.com/photos/668553/pexels-photo-668553.jpeg?auto=compress&cs=tinysrgb&h=350"}}, {"model": "poetry_app.tag", "pk": 13, "fields": {"name": "resilience", "category": "Topic", "image_url": "https://images.pexels.com/photos/28858294/pexels-photo-28858294.jpeg?auto=compress&cs=tinysrgb&h=350"}}, {"model": "poetry_app.tag", "pk": 14, "fields": {"name": "identity", "category": "Topic", "image_url": "https://images.pexels.com/photos/326576/pexels-photo-326576.jpeg?auto=compress&cs=tinysrgb&h=350"}}, {"model": "poetry_app.tag", "pk": 15, "fields": {"name": "passion", "category": "Topic", "image_url": "https://images.pexels.com/photos/1540977/pexels-photo-1540977.jpeg?auto=compress&cs=tinysrgb&h=350"}}, {"model": "poetry_app.tag", "pk": 16, "fields": {"name": "loss", "category": "Topic", "image_url": "https://images.pexels.com/photos/3771129/pexels-photo-3771129.jpeg?auto=compress&cs=tinysrgb&h=350"}}, {"model": "poetry_app.tag", "pk": 17, "fields": {"name": "sunrise", "category": "Topic", "image_url": "https://images.pexels.com/photos/3998365/pexels-photo-3998365.png?auto=compress&cs=tinysrgb&h=350"}}, {"model": "poetry_app.tag", "pk": 18, "fields": {"name": "moon", "category": "Topic", "image_url": "https://images.pexels.com/photos/47367/full-moon-moon-bright-sky-47367.jpeg?auto=compress&cs=tinysrgb&h=350"}}, {"model": "poetry_app.tag", "pk": 19, "fields": {"name": "stars", "category": "Topic", "image_url": "https://images.pexels.com/photos/998641/pexels-photo-998641.jpeg?auto=compress&cs=tinysrgb&h=350"}}, {"model": "poetry_app.tag", "pk": 20, "fields": {"name": "seasons", "category": "Topic", "image_url": "https://images.pexels.com/photos/1389460/pexels-photo-1389460.jpeg?auto=compress&cs=tinysrgb&h=350"}}, {"model": "poetry_app.tag", "pk": 21, "fields": {"name": "childhood", "category": "Topic", "image_url": "https://images.pexels.com/photos/1767434/pexels-photo-1767434.jpeg?auto=compress&cs=tinysrgb&h=350"}}, {"model": "poetry_app.tag", "pk": 22, "fields": {"name": "nostalgia", "category": "Topic", "image_url": "https://images.pexels.com/photos/247929/pexels-photo-247929.jpeg?auto=compress&cs=tinysrgb&h=350"}}, {"model": "poetry_app.tag", "pk": 23, "fields": {"name": "wisdom", "category": "Topic", "image_url": "https://images.pexels.com/photos/1029141/pexels-photo-1029141.jpeg?auto=compress&cs=tinysrgb&h=350"}}, {"model": "poetry_app.tag", "pk": 24, "fields": {"name": "courage", "category": "Topic", "image_url": "https://images.pexels.com/photos/3077882/pexels-photo-3077882.jpeg?auto=compress&cs=tinysrgb&h=350"}}, {"model": "poetry_app.tag", "pk": 25, "fields": {"name": "art", "category": "Topic", "image_url": "https://images.pexels.com/photos/3246665/pexels-photo-3246665.png?auto=compress&cs=tinysrgb&h=350"}}, {"model": "poetry_app.tag", "pk": 26, "fields": {"name": "music", "category": "Topic", "image_url": "https://images.pexels.com/photos/1105666/pexels-photo-1105666.jpeg?auto=compress&cs=tinysrgb&h=350"}}, {"model": "poetry_app.tag", "pk": 27, "fields": {"name": "longing", "category": "Topic", "image_url": "https://images.pexels.com/photos/27745925/pexels-photo-27745925.jpeg?auto=compress&cs=tinysrgb&h=350"}}, {"model": "poetry_app.tag", "pk": 28, "fields": {"name": "freedom", "category": "Topic", "image_url": "https://images.pexels.com/photos/247851/pexels-photo-247851.jpeg?auto=compress&cs=tinysrgb&h=350"}}, {"model": "poetry_app.tag", "pk": 29, "fields": {"name": "mystery", "category": "Topic", "image_url": "https://images.pexels.com/photos/1446948/pexels-photo-1446948.jpeg?auto=compress&cs=tinysrgb&h=350"}}, {"model": "poetry_app.tag", "pk": 30, "fields": {"name": "spirituality", "category": "Topic", "image_url": "https://images.pexels.com/photos/246125/pexels-photo-246125.jpeg?auto=compress&cs=tinysrgb&h=350"}}, {"model": "poetry_app.tag", "pk": 31, "fields": {"name": "introspection", "category": "Topic", "image_url": "https://images.pexels.com/photos/28815312/pexels-photo-28815312.jpeg?auto=compress&cs=tinysrgb&h=350"}}, {"model": "poetry_app.tag", "pk": 32, "fields": {"name": "growth", "category": "Topic", "image_url": "https://images.pexels.com/photos/1072824/pexels-photo-1072824.jpeg?auto=compress&cs=tinysrgb&h=350"}}, {"model": "poetry_app.tag", "pk": 33, "fields": {"name": "journey", "category": "Topic", "image_url": "https://images.pexels.com/photos/1248418/pexels-photo-1248418.jpeg?auto=compress&cs=tinysrgb&h=350"}}, {"model": "poetry_app.tag", "pk": 34, "fields": {"name": "heartbreak", "category": "Topic", "image_url": "https://images.pexels.com/photos/3693047/pexels-photo-3693047.jpeg?auto=compress&cs=tinysrgb&h=350"}}, {"model": "poetry_app.tag", "pk": 35, "fields": {"name": "inspiration", "category": "Topic", "image_url": "https://images.pexels.com/photos/355952/pexels-photo-355952.jpeg?auto=compress&cs=tinysrgb&h=350"}}, {"model": "poetry_app.tag", "pk": 36, "fields": {"name": "serenity", "category": "Topic", "image_url": "https://images.pexels.com/photos/289586/pexels-photo-289586.jpeg?auto=compress&cs=tinysrgb&h=350"}}, {"model": "poetry_app.tag", "pk": 37, "fields": {"name": "melancholy", "category": "Topic", "image_url": "https://images.pexels.com/photos/268869/pexels-photo-268869.jpeg?auto=compress&cs=tinysrgb&h=350"}}, {"model": "poetry_app.tag", "pk": 38, "fields": {"name": "wonder", "category": "Topic", "image_url": "https://images.pexels.com/photos/396947/pexels-photo-396947.jpeg?auto=compress&cs=tinysrgb&h=350"}}, {"model": "poetry_app.tag", "pk": 39, "fields": {"name": "adventure", "category": "Topic", "image_url": "https://images.pexels.com/photos/1955134/pexels-photo-1955134.jpeg?auto=compress&cs=tinysrgb&h=350"}}, {"model": "poetry_app.tag", "pk": 40, "fields": {"name": "trust", "category": "Topic", "image_url": "https://images.pexels.com/photos/814544/pexels-photo-814544.jpeg?auto=compress&cs=tinysrgb&h=350"}}, {"model": "poetry_app.tag", "pk": 41, "fields": {"name": "fear", "category": "Topic", "image_url": "https://images.pexels.com/photos/262103/pexels-photo-262103.jpeg?auto=compress&cs=tinysrgb&h=350"}}, {"model": "poetry_app.tag", "pk": 42, "fields": {"name": "anger", "category": "Topic", "image_url": "https://images.pexels.com/photos/163431/fist-blow-power-wrestling-163431.jpeg?auto=compress&cs=tinysrgb&h=350"}}, {"model": "poetry_app.tag", "pk": 43, "fields": {"name": "peace", "category": "Topic", "image_url": "https://images.pexels.com/photos/668353/pexels-photo-668353.jpeg?auto=compress&cs=tinysrgb&h=350"}}, {"model": "poetry_app.tag", "pk": 44, "fields": {"name": "reflection", "category": "Topic", "image_url": "https://images.pexels.com/photos/268533/pexels-photo-268533.jpeg?auto=compress&cs=tinysrgb&h=350"}}, {"model": "poetry_app.tag", "pk": 45, "fields": {"name": "sunset", "category": "Topic", "image_url": "https://images.pexels.com/photos/3998365/pexels-photo-3998365.png?auto=compress&cs=tinysrgb&h=350"}}, {"model": "poetry_app.tag", "pk": 46, "fields": {"name": "ocean", "category": "Topic", "image_url": "https://images.pexels.com/photos/189349/pexels-photo-189349.jpeg?auto=compress&cs=tinysrgb&h=350"}}, {"model": "poetry_app.tag", "pk": 47, "fields": {"name": "mountains", "category": "Topic", "image_url": "https://images.pexels.com/photos/9754/mountains-clouds-forest-fog.jpg?auto=compress&cs=tinysrgb&h=350"}}, {"model": "poetry_app.tag", "pk": 48, "fields": {"name": "rivers", "category": "Topic", "image_url": "https://images.pexels.com/photos/1179225/pexels-photo-1179225.jpeg?auto=compress&cs=tinysrgb&h=350"}}, {"model": "poetry_app.tag", "pk": 49, "fields": {"name": "forests", "category": "Topic", "image_url": "https://images.pexels.com/photos/38136/pexels-photo-38136.jpeg?auto=compress&cs=tinysrgb&h=350"}}, {"model": "poetry_app.tag", "pk": 50, "fields": {"name": "flowers", "category": "Topic", "image_url": "https://images.pexels.com/photos/56866/garden-rose-red-pink-56866.jpeg?auto=compress&cs=tinysrgb&h=350"}}, {"model": "poetry_app.tag", "pk": 51, "fields": {"name": "wildlife", "category": "Topic", "image_url": "https://images.pexels.com/photos/847393/pexels-photo-847393.jpeg?auto=compress&cs=tinysrgb&h=350"}}, {"model": "poetry_app.tag", "pk": 52, "fields": {"name": "desire", "category": "Topic", "image_url": "https://images.pexels.com/photos/4690701/pexels-photo-4690701.jpeg?auto=compress&cs=tinysrgb&h=350"}}, {"model": "poetry_app.tag", "pk": 53, "fields": {"name": "travel", "category": "Topic", "image_url": "https://images.pexels.com/photos/2245436/pexels-photo-2245436.png?auto=compress&cs=tinysrgb&h=350"}}, {"model": "poetry_app.tag", "pk": 54, "fields": {"name": "culture", "category": "Topic", "image_url": "https://images.pexels.com/photos/1313814/pexels-photo-1313814.jpeg?auto=compress&cs=tinysrgb&h=350"}}, {"model": "poetry_app.tag", "pk": 55, "fields": {"name": "social justice", "category": "Topic", "image_url": "https://images.pexels.com/photos/4676366/pexels-photo-4676366.jpeg?auto=compress&cs=tinysrgb&h=350"}}, {"model": "poetry_app.tag", "pk": 56, "fields": {"name": "social injustice", "category": "Topic", "image_url": "https://images.pexels.com/photos/5721067/pexels-photo-5721067.jpeg?auto=compress&cs=tinysrgb&h=350"}}, {"model": "poetry_app.tag", "pk": 57, "fields": {"name": "morals", "category": "Topic", "image_url": "https://images.pexels.com/photos/9127842/pexels-photo-9127842.jpeg?auto=compress&cs=tinysrgb&h=350"}}, {"model": "poetry_app.tag", "pk": 58, "fields": {"name": "rain", "category": "Topic", "image_url": "https://images.pexels.com/photos/459451/pexels-photo-459451.jpeg?auto=compress&cs=tinysrgb&h=350"}}, {"model": "poetry_app.tag", "pk": 59, "fields": {"name": "snow", "category": "Topic", "image_url": "https://images.pexels.com/photos/7245519/pexels-photo-7245519.jpeg?auto=compress&cs=tinysrgb&h=350"}}, {"model": "poetry_app.tag", "pk": 60, "fields": {"name": "wind", "category": "Topic", "image_url": "https://images.pexels.com/photos/54300/pexels-photo-54300.jpeg?auto=compress&cs=tinysrgb&h=350"}}, {"model": "poetry_app.tag", "pk": 61, "fields": {"name": "fire", "category": "Topic", "image_url": "https://images.pexels.com/photos/5159914/pexels-photo-5159914.png?auto=compress&cs=tinysrgb&h=350"}}, {"model": "poetry_app.tag", "pk": 62, "fields": {"name": "struggle", "category": "Topic", "image_url": "https://images.pexels.com/photos/52608/pexels-photo-52608.jpeg?auto=compress&cs=tinysrgb&h=350"}}, {"model": "poetry_app.tag", "pk": 63, "fields": {"name": "victory", "category": "Topic", "image_url": "https://images.pexels.com/photos/260024/pexels-photo-260024.jpeg?auto=compress&cs=tinysrgb&h=350"}}, {"model": "poetry_app.tag", "pk": 64, "fields": {"name": "hills", "category": "Topic", "image_url": "https://images.pexels.com/photos/130576/pexels-photo-130576.jpeg?auto=compress&cs=tinysrgb&h=350"}}, {"model": "poetry_app.tag", "pk": 65, "fields": {"name": "valleys", "category": "Topic", "image_url": "https://images.pexels.com/photos/1005256/pexels-photo-1005256.jpeg?auto=compress&cs=tinysrgb&h=350"}}, {"model": "poetry_app.tag", "pk": 66, "fields": {"name": "harmony", "category": "Topic", "image_url": "https://images.pexels.com/photos/312839/pexels-photo-312839.jpeg?auto=compress&cs=tinysrgb&h=350"}}, {"model": "poetry_app.tag", "pk": 67, "fields": {"name": "chaos", "category": "Topic", "image_url": "https://images.pexels.com/photos/3095769/pexels-photo-3095769.jpeg?auto=compress&cs=tinysrgb&h=350"}}, {"model": "poetry_app.tag", "pk": 68, "fields": {"name": "vulnerability", "category": "Topic", "image_url": "https://images.pexels.com/photos/40721/egg-hammer-threaten-violence-40721.jpeg?auto=compress&cs=tinysrgb&h=350"}}, {"model": "poetry_app.tag", "pk": 69, "fields": {"name": "imagination", "category": "Topic", "image_url": "https://images.pexels.com/photos/355952/pexels-photo-355952.jpeg?auto=compress&cs=tinysrgb&h=350"}}, {"model": "poetry_app.tag", "pk": 70, "fields": {"name": "strength", "category": "Topic", "image_url": "https://images.pexels.com/photos/1458696/pexels-photo-1458696.jpeg?auto=compress&cs=tinysrgb&h=350"}}, {"model": "poetry_app.tag", "pk": 71, "fields": {"name": "renewal", "category": "Topic", "image_url": "https://images.pexels.com/photos/1536379/pexels-photo-1536379.jpeg?auto=compress&cs=tinysrgb&h=350"}}, {"model": "poetry_app.tag", "pk": 72, "fields": {"name": "religion", "category": "Topic", "image_url": "https://images.pexels.com/photos/1024900/pexels-photo-1024900.jpeg?auto=compress&cs=tinysrgb&h=350"}}, {"model": "poetry_app.tag", "pk": 73, "fields": {"name": "faith", "category": "Topic", "image_url": "https://images.pexels.com/photos/5592341/pexels-photo-5592341.jpeg?auto=compress&cs=tinysrgb&h=350"}}, {"model": "poetry_app.tag", "pk": 74, "fields": {"name": "grief", "category": "Topic", "image_url": "https://images.pexels.com/photos/247314/pexels-photo-247314.jpeg?auto=compress&cs=tinysrgb&h=350"}}, {"model": "poetry_app.tag", "pk": 75, "fields": {"name": "existence", "category": "Topic", "image_url": "https://images.pexels.com/photos/28345896/pexels-photo-28345896.jpeg?auto=compress&cs=tinysrgb&h=350"}}, {"model": "poetry_app.tag", "pk": 77, "fields": {"name": "love", "category": "Topic", "image_url": "https://images.pexels.com/photos/840566/pexels-photo-840566.jpeg?auto=compress&cs=tinysrgb&h=350"}}, {"model": "poetry_app.tag", "pk": 78, "fields": {"name": "Nature", "category": "Topic", "image_url": "https://images.pexels.com/photos/2325447/pexels-photo-2325447.jpeg?auto=compress&cs=tinysrgb&h=350"}}, {"model": "poetry_app.tag", "pk": 79, "fields": {"name": "Love", "category": "Topic", "image_url": "https://images.pexels.com/photos/840566/pexels-photo-840566.jpeg?auto=compress&cs=tinysrgb&h=350"}}, {"model": "poetry_app.tag", "pk": 80, "fields": {"name": "History", "category": "Topic", "image_url": "https://images.pexels.com/photos/36006/renaissance-schallaburg-figures-facade.jpg?auto=compress&cs=tinysrgb&h=350"}}, {"model": "poetry_app.tag", "pk": 81, "fields": {"name": "Science", "category": "Topic", "image_url": "https://images.pexels.com/photos/256262/pexels-photo-256262.jpeg?auto=compress&cs=tinysrgb&h=350"}}, {"model": "poetry_app.tag", "pk": 82, "fields": {"name": "Technology", "category": "Topic", "image_url": "https://images.pexels.com/photos/546819/pexels-photo-546819.jpeg?auto=compress&cs=tinysrgb&h=350"}}, {"model": "poetry_app.tag", "pk": 83, "fields": {"name": "Health", "category": "Topic", "image_url": "https://images.pexels.com/photos/40568/medical-appointment-doctor-healthcare-40568.jpeg?auto=compress&cs=tinysrgb&h=350"}}, {"model": "poetry_app.tag", "pk": 84, "fields": {"name": "Education", "category": "Topic", "image_url": "https://images.pexels.com/photos/301926/pexels-photo-301926.jpeg?auto=compress&cs=tinysrgb&h=350"}}, {"model": "poetry_app.tag", "pk": 85, "fields": {"name": "Art", "category": "Topic", "image_url": "https://images.pexels.com/photos/3246665/pexels-photo-3246665.png?auto=compress&cs=tinysrgb&h=350"}}, {"model": "poetry_app.poetry", "pk": 1, "fields": {"title": "This Is A Test Poem", "body": "<p>Oh code, why must you mock me so,<br>Lines once smooth, now cease to flow.<br>The app wont work, it makes me scream,<br>Errors dance, and kill the dream.</p><p>Tables missing, prompts astray,<br>I debug and curse the day.<br>But in the end, Ill make it right,<br>One more push, through sleepless night.</p>", "audio": "", "author": 1, "anonymous": false, "created_at": "2024-10-04T20:39:43.221Z", "updated_at": "2024-10-10T14:41:55.945Z", "status": "published", "allow_comments": true, "tags": []}}, {"model": "poetry_app.profile", "pk": 1, "fields": {"user": 1, "bio": "hi", "profile_picture": "profile_pictures/seanpfptest2.png", "dark_mode": false, "hide_followers": false, "font_size": "medium", "streak": 4, "last_active": "2024-10-11", "favorite_tags": [], "favorite_poets": [], "badges": []}}, {"model": "poetry_app.profile", "pk": 2, "fields": {"user": 2, "bio": "", "profile_picture": "", "dark_mode": false, "hide_followers": false, "font_size": "medium", "streak": 1, "last_active": "2024-10-08", "favorite_tags": [], "favorite_poets": [], "badges": []}}, {"model": "poetry_app.favoritepoem", "pk": 3, "fields": {"user": 2, "poem": 1}}, {"model": "poetry_app.favoritepoem", "pk": 14, "fields": {"user": 1, "poem": 1}}, {"model": "poetry_app.following", "pk": 1, "fields": {"follower": 2, "following": 1, "created_at": "2024-10-05T23:12:25.856Z"}}, {"model": "poetry_app.following", "pk": 2, "fields": {"follower": 1, "following": 2, "created_at": "2024-10-05T23:12:30.554Z"}}, {"model": "poetry_app.like", "pk": 6, "fields": {"user": 2, "poem": 1, "created_at": "2024-10-06T01:06:45.284Z"}}, {"model": "poetry_app.like", "pk": 9, "fields": {"user": 1, "poem": 1, "created_at": "2024-10-07T11:19:33.721Z"}}, {"model": "poetry_app.notification", "pk": 1, "fields": {"user": 1, "actor": 1, "notification_type": "like", "poem": 1, "comment": null, "is_read": false, "timestamp": "2024-10-05T07:20:21.828Z", "extra_data": null}}, {"model": "poetry_app.notification", "pk": 2, "fields": {"user": 1, "actor": 1, "notification_type": "favorite", "poem": 1, "comment": null, "is_read": false, "timestamp": "2024-10-05T07:20:23.750Z", "extra_data": null}}, {"model": "poetry_app.notification", "pk": 3, "fields": {"user": 1, "actor": 1, "notification_type": "favorite", "poem": 1, "comment": null, "is_read": false, "timestamp": "2024-10-05T07:34:01.136Z", "extra_data": null}}, {"model": "poetry_app.notification", "pk": 4, "fields": {"user": 1, "actor": 1, "notification_type": "like", "poem": 1, "comment": null, "is_read": false, "timestamp": "2024-10-05T07:34:02.037Z", "extra_data": null}}, {"model": "poetry_app.notification", "pk": 5, "fields": {"user": 1, "actor": 2, "notification_type": "follow", "poem": null, "comment": null, "is_read": false, "timestamp": "2024-10-05T23:12:25.862Z", "extra_data": null}}, {"model": "poetry_app.notification", "pk": 6, "fields": {"user": 2, "actor": 1, "notification_type": "follow", "poem": null, "comment": null, "is_read": false, "timestamp": "2024-10-05T23:12:30.561Z", "extra_data": null}}, {"model": "poetry_app.notification", "pk": 7, "fields": {"user": 1, "actor": 2, "notification_type": "like", "poem": 1, "comment": null, "is_read": false, "timestamp": "2024-10-06T00:29:32.801Z", "extra_data": null}}, {"model": "poetry_app.notification", "pk": 8, "fields": {"user": 1, "actor": 2, "notification_type": "like", "poem": 1, "comment": null, "is_read": false, "timestamp": "2024-10-06T01:06:36.759Z", "extra_data": null}}, {"model": "poetry_app.notification", "pk": 9, "fields": {"user": 1, "actor": 2, "notification_type": "like", "poem": 1, "comment": null, "is_read": false, "timestamp": "2024-10-06T01:06:38.389Z", "extra_data": null}}, {"model": "poetry_app.notification", "pk": 10, "fields": {"user": 1, "actor": 2, "notification_type": "like", "poem": 1, "comment": null, "is_read": false, "timestamp": "2024-10-06T01:06:45.292Z", "extra_data": null}}, {"model": "poetry_app.notification", "pk": 11, "fields": {"user": 1, "actor": 2, "notification_type": "favorite", "poem": 1, "comment": null, "is_read": false, "timestamp": "2024-10-06T01:06:52.947Z", "extra_data": null}}, {"model": "poetry_app.notification", "pk": 14, "fields": {"user": 1, "actor": 1, "notification_type": "like", "poem": 1, "comment": null, "is_read": false, "timestamp": "2024-10-07T10:49:54.105Z", "extra_data": null}}, {"model": "poetry_app.notification", "pk": 17, "fields": {"user": 1, "actor": 1, "notification_type": "favorite", "poem": 1, "comment": null, "is_read": false, "timestamp": "2024-10-07T11:19:32.225Z", "extra_data": null}}, {"model": "poetry_app.notification", "pk": 18, "fields": {"user": 1, "actor": 1, "notification_type": "like", "poem": 1, "comment": null, "is_read": false, "timestamp": "2024-10-07T11:19:33.726Z", "extra_data": null}}, {"model": "poetry_app.notification", "pk": 19, "fields": {"user": 1, "actor": 1, "notification_type": "favorite", "poem": 1, "comment": null, "is_read": false, "timestamp": "2024-10-08T06:56:19.075Z", "extra_data": null}}, {"model": "poetry_app.notification", "pk": 20, "fields": {"user": 1, "actor": 1, "notification_type": "favorite", "poem": 1, "comment": null, "is_read": false, "timestamp": "2024-10-08T09:00:31.001Z", "extra_data": null}}, {"model": "poetry_app.notification", "pk": 21, "fields": {"user": 1, "actor": 1, "notification_type": "favorite", "poem": 1, "comment": null, "is_read": false, "timestamp": "2024-10-08T09:52:05.234Z", "extra_data": null}}, {"model": "poetry_app.notification", "pk": 22, "fields": {"user": 1, "actor": 1, "notification_type": "favorite", "poem": 1, "comment": null, "is_read": false, "timestamp": "2024-10-08T10:31:28.585Z", "extra_data": null}}, {"model": "poetry_app.notification", "pk": 23, "fields": {"user": 1, "actor": 1, "notification_type": "favorite", "poem": 1, "comment": null, "is_read": false, "timestamp": "2024-10-08T10:49:26.390Z", "extra_data": null}}, {"model": "poetry_app.notification", "pk": 24, "fields": {"user": 1, "actor": 1, "notification_type": "favorite", "poem": 1, "comment": null, "is_read": false, "timestamp": "2024-10-08T10:51:44.106Z", "extra_data": null}}, {"model": "poetry_app.notification", "pk": 25, "fields": {"user": 1, "actor": 1, "notification_type": "favorite", "poem": 1, "comment": null, "is_read": false, "timestamp": "2024-10-10T12:33:26.863Z", "extra_data": null}}, {"model": "poetry_app.notification", "pk": 26, "fields": {"user": 1, "actor": 1, "notification_type": "favorite", "poem": 1, "comment": null, "is_read": false, "timestamp": "2024-10-10T15:38:30.689Z", "extra_data": null}}, {"model": "poetry_app.conversation", "pk": 1, "fields": {"last_updated": "2024-10-10T12:33:04.066Z", "participants": [1, 2]}}, {"model": "poetry_app.message", "pk": 1, "fields": {"conversation": 1, "sender": 2, "body": "hi", "timestamp": "2024-10-04T20:34:49.451Z", "is_read": true, "is_deleted": true}}, {"model": "poetry_app.message", "pk": 2, "fields": {"conversation": 1, "sender": 1, "body": "hi", "timestamp": "2024-10-04T20:35:10.340Z", "is_read": true, "is_deleted": true}}, {"model": "poetry_app.message", "pk": 3, "fields": {"conversation": 1, "sender": 1, "body": "hi", "timestamp": "2024-10-05T07:16:42.646Z", "is_read": true, "is_deleted": true}}, {"model": "poetry_app.message", "pk": 4, "fields": {"conversation": 1, "sender": 1, "body": "hi", "timestamp": "2024-10-05T07:17:44.153Z", "is_read": true, "is_deleted": true}}, {"model": "poetry_app.message", "pk": 5, "fields": {"conversation": 1, "sender": 1, "body": "hi", "timestamp": "2024-10-05T07:33:50.523Z", "is_read": true, "is_deleted": true}}, {"model": "poetry_app.message", "pk": 6, "fields": {"conversation": 1, "sender": 2, "body": "hi", "timestamp": "2024-10-05T08:55:18.564Z", "is_read": true, "is_deleted": true}}, {"model": "poetry_app.message", "pk": 7, "fields": {"conversation": 1, "sender": 2, "body": "yo", "timestamp": "2024-10-05T08:55:38.475Z", "is_read": true, "is_deleted": true}}, {"model": "poetry_app.message", "pk": 8, "fields": {"conversation": 1, "sender": 1, "body": "hyd", "timestamp": "2024-10-05T08:55:44.088Z", "is_read": true, "is_deleted": true}}, {"model": "poetry_app.message", "pk": 9, "fields": {"conversation": 1, "sender": 2, "body": "well", "timestamp": "2024-10-05T08:55:57.601Z", "is_read": true, "is_deleted": true}}, {"model": "poetry_app.message", "pk": 10, "fields": {"conversation": 1, "sender": 1, "body": "hi", "timestamp": "2024-10-05T22:42:20.141Z", "is_read": true, "is_deleted": true}}, {"model": "poetry_app.message", "pk": 11, "fields": {"conversation": 1, "sender": 2, "body": "hi", "timestamp": "2024-10-05T22:43:25.238Z", "is_read": true, "is_deleted": true}}, {"model": "poetry_app.message", "pk": 12, "fields": {"conversation": 1, "sender": 1, "body": "hi", "timestamp": "2024-10-05T23:09:29.630Z", "is_read": true, "is_deleted": true}}, {"model": "poetry_app.message", "pk": 13, "fields": {"conversation": 1, "sender": 1, "body": "hi", "timestamp": "2024-10-05T23:11:31.229Z", "is_read": true, "is_deleted": true}}, {"model": "poetry_app.message", "pk": 14, "fields": {"conversation": 1, "sender": 1, "body": "hi", "timestamp": "2024-10-06T06:39:58.096Z", "is_read": true, "is_deleted": true}}, {"model": "poetry_app.message", "pk": 15, "fields": {"conversation": 1, "sender": 1, "body": "yo", "timestamp": "2024-10-06T06:45:50.858Z", "is_read": true, "is_deleted": true}}, {"model": "poetry_app.message", "pk": 16, "fields": {"conversation": 1, "sender": 1, "body": "hi?", "timestamp": "2024-10-07T06:50:42.561Z", "is_read": true, "is_deleted": true}}, {"model": "poetry_app.message", "pk": 17, "fields": {"conversation": 1, "sender": 1, "body": "this is a test message because I want to see teh shape of the message bubbles\n", "timestamp": "2024-10-07T07:23:45.017Z", "is_read": true, "is_deleted": true}}, {"model": "poetry_app.message", "pk": 18, "fields": {"conversation": 1, "sender": 1, "body": "message test, how does this look\n", "timestamp": "2024-10-07T07:36:38.867Z", "is_read": true, "is_deleted": true}}, {"model": "poetry_app.message", "pk": 19, "fields": {"conversation": 1, "sender": 1, "body": "how does this message look now", "timestamp": "2024-10-07T07:36:46.716Z", "is_read": true, "is_deleted": true}}, {"model": "poetry_app.message", "pk": 20, "fields": {"conversation": 1, "sender": 1, "body": "hi", "timestamp": "2024-10-07T09:19:32.975Z", "is_read": true, "is_deleted": true}}, {"model": "poetry_app.message", "pk": 21, "fields": {"conversation": 1, "sender": 1, "body": "ok", "timestamp": "2024-10-07T09:36:57.340Z", "is_read": true, "is_deleted": true}}, {"model": "poetry_app.message", "pk": 22, "fields": {"conversation": 1, "sender": 1, "body": "ok", "timestamp": "2024-10-07T09:36:59.964Z", "is_read": true, "is_deleted": true}}, {"model": "poetry_app.message", "pk": 23, "fields": {"conversation": 1, "sender": 1, "body": "ok", "timestamp": "2024-10-07T09:37:00.935Z", "is_read": true, "is_deleted": true}}, {"model": "poetry_app.message", "pk": 24, "fields": {"conversation": 1, "sender": 1, "body": "ok", "timestamp": "2024-10-07T09:37:01.823Z", "is_read": true, "is_deleted": true}}, {"model": "poetry_app.message", "pk": 25, "fields": {"conversation": 1, "sender": 1, "body": "yo", "timestamp": "2024-10-07T11:14:48.495Z", "is_read": true, "is_deleted": true}}, {"model": "poetry_app.message", "pk": 26, "fields": {"conversation": 1, "sender": 1, "body": "hi\n", "timestamp": "2024-10-10T03:35:11.006Z", "is_read": false, "is_deleted": true}}, {"model": "poetry_app.message", "pk": 27, "fields": {"conversation": 1, "sender": 1, "body": "hi", "timestamp": "2024-10-10T12:32:54.247Z", "is_read": false, "is_deleted": false}}, {"model": "poetry_app.message", "pk": 28, "fields": {"conversation": 1, "sender": 1, "body": "what are you doing today", "timestamp": "2024-10-10T12:33:04.061Z", "is_read": false, "is_deleted": false}}, {"model": "poetry_app.reaction", "pk": 1, "fields": {"message": 14, "user": 1, "reaction": "love"}}, {"model": "poetry_app.poemreaction", "pk": 134, "fields": {"user": 2, "poem": 1, "reaction_type": "like", "created_at": "2024-10-08T10:50:04.634Z"}}, {"model": "poetry_app.poemreaction", "pk": 135, "fields": {"user": 2, "poem": 1, "reaction_type": "insightful", "created_at": "2024-10-08T10:50:07.929Z"}}, {"model": "poetry_app.poemreaction", "pk": 143, "fields": {"user": 1, "poem": 1, "reaction_type": "insightful", "created_at": "2024-10-10T14:48:12.066Z"}}, {"model": "poetry_app.poemreaction", "pk": 146, "fields": {"user": 1, "poem": 1, "reaction_type": "like", "created_at": "2024-10-10T15:38:15.239Z"}}]